1.6342494422926497,1.6861438152114325,1.702832438009046,1.7987415691550026,1.8663901138704786,1.8761553060946359,1.9331621076806662,2.0936650778432555,2.1424532874142623,2.2041877204394202,2.2646617864366867,2.3007374676081978,2.334984863739757,2.4510474285421924,2.4754981240862008
1.6944272719984241,1.90060910678351,2.3020432105651749,2.4769719327060469,2.4954600847806732,2.5003309293991989,2.5418961089954859,2.5650746409016749,2.6887246250609662,2.7793249102392106,2.7841855765276087,2.7886199155692082,2.7978149683687268,2.8071258059956543,2.8664091115879318
1.9126160234191332,1.9193930351754245,2.1580778028183838,2.2295559573719235,2.2733673030724226,2.3088146611207345,2.3132195186080495,2.3230238219464709,2.3339734781426844,2.3762792015344076,2.3832643352062846,2.4251434513832346,2.4453845517978321,2.4546878017705742,2.494186234046289
1.7313370510076407,1.8558681780666508,1.8755396632155954,2.0477797424368451,2.0959741746660248,2.120823122344262,2.1466006690154797,2.2291734011731608,2.2572975967703277,2.3070483981146133,2.3522062899753271,2.3632810767528074,2.3770633818793732,2.3987566170225105,2.4166370143359823
1.3018806548598614,1.4406654831657784,1.4675208337270447,1.6253979159713861,1.777120243475095,1.8093762176301162,1.9290073848478662,1.9483698039340727,2.026069182828532,2.0383218667949876,2.058572283350129,2.1767280122136383,2.1880225723843711,2.1913411530171936,2.1920080806355147
1.1202709580398755,1.2609444058610086,1.416205440750149,1.4560938700096993,1.501863624360809,1.5455833886361854,1.6096681688513277,1.6114755011811444,1.7657988486363152,1.8021209122850219,1.8110029803594743,1.8549085178348446,1.9396174576087077,1.9669775988386771,1.9698556106516405
2.1810438372877647,2.3869304251767338,2.4071208936121034,2.4130419861278583,2.4187497026455094,2.448166541701648,2.4904821882698451,2.4990929025317077,2.5358498839262698,2.6041867342988758,2.6221055716479436,2.6389124806321291,2.6389932767731468,2.6439500821835091,2.6444744602101409
1.4459895071029485,1.4548758891324345,1.6738634611265621,1.6810787726260072,1.7245792859375058,1.7506079945708608,1.7667407141713216,1.7757513333332602,1.8426215560728176,1.8723915212131861,1.8806149468258329,1.920267261109821,1.9329949675549176,1.9731397196222498,1.9950598597826892
2.0339015278722998,2.1238003108796288,2.2848536395533339,2.3178799022743837,2.3426254561989883,2.3722506660632177,2.3738772197871949,2.4107147913529334,2.477442034841713,2.4854625469126548,2.5160148158923961,2.5257581702210032,2.622346833259205,2.6461902175434653,2.7040782710219879
1.5619614419787318,1.852961584895227,1.9794931324796912,2.1080421747588463,2.3293264137450151,2.3579107496390832,2.4385184923873768,2.4407330158525395,2.4520776047431054,2.4572238021634014,2.4586185355736276,2.4980378094859828,2.5092716310607326,2.5215895462357465,2.5263010357070623
0.92871214744017672,1.3107895809418182,1.3706036967252777,1.4214367956388445,1.5099178034511369,1.5771761212652662,1.5900196257264541,1.5905515257501563,1.6060339963689654,1.645874514244605,1.6675709260430089,1.6876103519756309,1.7220812115165538,1.7396926060306592,1.7803752024069694
1.7245306212027762,1.7946898648965275,1.795802402847372,1.8406083398124762,1.9154427758757999,1.9354072859833134,1.9745033302490702,1.9916796415978413,2.0337205765747806,2.0537572599867016,2.0913210061009089,2.1137815884375364,2.1308566898485393,2.1537249977590682,2.2333787917661208
1.4322198507705304,1.5040909240287892,1.8839013906605402,1.9012087922873868,1.920567133531768,1.9496872070370239,2.0025918477443607,2.0689408161411027,2.1067190913755107,2.1112098035741207,2.129083218348871,2.1600538124780497,2.2184870198037063,2.2928547107967514,2.2959005749506671
1.1724496529530062,1.2066193117036637,1.3038728361718248,1.4125012933484742,1.4410082397071382,1.447120516749991,1.4802273234079983,1.4975513390871351,1.5199399184012072,1.5337602444302447,1.6137117882263043,1.6423239879524658,1.6944296581044302,1.7055271582788658,1.7164779765316915
1.3242589073972169,1.347161785082631,1.3693794604251628,1.4438717889325088,1.5403628616110852,1.5687972447271592,1.6455544661572743,1.7337870974569929,1.7990091556947851,1.8234722758171584,1.8420174587377549,1.8531359987022276,1.8654490597028679,1.8675801949261439,1.8916505768319871
1.5901886478602489,1.6237426022047439,1.6733488246104624,1.6864566221046795,1.7161799794862824,1.729798767445931,1.7795453369162677,1.8600379851214175,1.8872385059425698,1.8947002978856045,1.9225539822749527,1.9604042050463355,1.9971935207458473,2.0121771577779959,2.014597393248327
2.0855896947764108,2.1523022782581114,2.2909659628044956,2.3955351291284455,2.5055674812861635,2.5191935606253355,2.6138217349287891,2.6583063931017366,2.6985964215918385,2.7010018045208612,2.7178201371790469,2.7333004184377083,2.7385669833443327,2.7394812992365929,2.7397841939811647
2.1419598745511936,2.151364191264602,2.181310891994471,2.2329502715145324,2.2505110487872755,2.3049321386227346,2.3641321796061905,2.4429310471941847,2.4604154829048528,2.4703156354400204,2.5076107690017673,2.5393111766238268,2.5996114835908082,2.6253594624299521,2.6709107150328872
1.4222144285061005,1.5179633116006086,1.6760261300047881,1.8855735464713637,1.9595586139364414,2.0118087855257296,2.045434443502828,2.1261514846850882,2.2016126218830343,2.2721014053676023,2.3436111900090935,2.3534002870609649,2.4246932420919718,2.4378869750261138,2.4380247516613229
1.1383715885544201,1.4635356066299194,1.4743409084554504,1.6250422638033328,1.6791455458802114,1.6811220824309669,1.6857181171480191,1.7094072052479714,1.7402947668322997,1.7414075579468289,1.7473096876179794,1.8109129960749728,1.8393003788392344,1.8480149566242352,1.8503226859318513
1.0068440653275879,1.3000181639911783,1.3438899570222453,1.6211087417709487,1.7056127172808067,1.7750920577302289,1.7763606096693341,1.8107579466408186,1.8161614620522646,1.8649660849234404,1.8668785585116381,1.8675316480888287,1.8682985920638768,1.9566706892137757,1.9607325725791207
1.6293878541659725,1.6441288381747152,1.7635463204431341,1.7834607447457982,1.8043550463706493,1.8291494149649319,1.9729068409609063,1.983788227667743,2.0411985782040198,2.0627861082116561,2.1082933453960431,2.1366065835810897,2.1557518299829042,2.2569903710364749,2.2575845474678902
1.0037703899672594,1.2698823689132974,1.3649709607701142,1.4136999427037851,1.5365093546007687,1.5786709407603539,1.6040555913414536,1.6351126653116879,1.6357308209747439,1.6430229938636371,1.6749334393893427,1.6750186049838482,1.6927510438829747,1.698001491358696,1.7004336276479699
1.5100752311373422,1.9707852602054146,2.049681530288483,2.1160219029496865,2.2744137229565813,2.4378653515925355,2.4783429130785803,2.5019001729855459,2.5488424265536866,2.5713996363378908,2.5785987298956115,2.594483333062477,2.6001339382024158,2.611210502996792,2.6639981974891747
1.4960106575864442,1.622871887357662,1.6562635893911033,1.9337549525250828,1.962014222834493,1.9845229454001641,1.9855876270449373,2.0989072667036059,2.1209961280181386,2.1977950632630381,2.2298644217050101,2.3048735860696312,2.3299575437735998,2.3737767117109545,2.4024674006434674
1.0919337397921045,1.3222895483269212,1.3638720360215948,1.4378497380791335,1.4913989857988696,1.58937841488625,1.6764832206875093,1.6882128534031606,1.7210970467844893,1.7250278134028925,1.8233289887763444,1.8518016171200589,1.8690377110810703,1.9217968707623647,1.9309370730086404
1.9549666950115441,2.0376867647552173,2.0765539663564661,2.0988674914871952,2.1182534888723392,2.1225655991980936,2.1414087440683809,2.1777108212868637,2.1852045473369475,2.1947074463457414,2.2279040294620924,2.2451276059392322,2.2645785509269545,2.2668020527362831,2.2723917684133825
1.2103227700872983,1.2675209730755059,1.4599216831581203,1.5180194540726564,1.5257399060009729,1.5298118948681552,1.5445573569675424,1.6280511364946437,1.7245884739050603,1.7389572482406421,1.7642823125303519,1.7938411177900015,1.8635471694188899,1.917084478447463,1.9252510542461547
1.3764757809695078,1.424154891827534,1.4269824990386253,1.4548544385181204,1.5094436687643253,1.543499765941859,1.5446303630756242,1.6127682483525578,1.6386386206831254,1.6682174367620015,1.6885798992187611,1.6999904484482984,1.7038701810210586,1.7234449524390056,1.7844231370747317
2.004547134930704,2.0899663919856688,2.1021669503116658,2.2997114480451586,2.4599291171045166,2.4687757155602492,2.518804895329088,2.5189145625065499,2.5693480218069329,2.5868457895744283,2.6287671688668768,2.6697491920645398,2.6721100392136106,2.6967150580341643,2.7231091982811821
1.632361827135306,1.6421559433465123,1.6453513626086849,1.6908761438434416,1.7072108495083058,1.7833437461515067,1.8652823290732496,1.8824044505025319,1.8928755822182155,1.9335771369271044,1.9609363422204142,1.9684487858545592,1.9854565164553817,1.9923718874489078,2.0156183327007153
1.6959858179052478,1.8677629502342432,1.9817709157271226,1.9982276493570261,2.087796077973993,2.0943630671293905,2.1789409124733914,2.1790717307772627,2.2119804028077681,2.2164806938476032,2.229805598154464,2.2710618446908328,2.3357877643030345,2.3388960141563309,2.3627103611103522
1.3126093666522869,1.6956970422384661,2.0330389918716651,2.0357262015149211,2.0549978067022638,2.0987285313559498,2.1652813709419916,2.1693059243501445,2.2343094664116574,2.3067208416478957,2.3072342876309304,2.3121257476592794,2.3341944568769706,2.3368266529349038,2.3564231179616013
1.4935063951392231,1.4957110329837273,1.51833676082979,1.5826802093753898,1.593975669520592,1.603275433435515,1.6791429271456566,1.7446163190194039,1.748365931777317,1.7767770932966622,1.8183503921241579,1.9110636708923239,1.9394736060878421,1.9559651787430561,1.9853444809924754
1.8210993957701238,2.1191206394989148,2.1782512811019363,2.2619713842055233,2.3120361507521081,2.4358750427842861,2.576102202231203,2.5906611816909022,2.6074224790085019,2.6119336878423671,2.6258396706939302,2.630486330746828,2.6409464689415549,2.6634836299457785,2.6705179770299483
1.1026809247699445,1.6373796262209797,1.7586249649686192,1.8380835820856301,1.8463471517664329,1.8716486433835606,1.8753273383034388,1.9181166701903223,1.9776325603200315,2.0283005611263771,2.0437562919285925,2.1619288979048057,2.1688573063464935,2.1738343489283349,2.1848294569787292
0.60502253132593664,0.79557275172700681,1.1826364907508407,1.2315808938513395,1.2829355715793258,1.3545185540024547,1.4292806614477751,1.4368301320789312,1.4976289573104797,1.4989172424167603,1.5422422515387624,1.5503253991024508,1.5586701051269747,1.6708368941246861,1.6828297588083945
1.0718629478714694,1.4830115628628229,1.5629892308212152,1.5924788016079805,1.7367779461832826,1.775346122202665,1.7826814542578509,1.7832164386181291,1.7926035745799846,1.7980614755922615,1.8011919766543112,1.8272297575418055,1.8493383023648058,1.8600544750916506,1.95557248631016
1.4407298797273027,1.4440455384807807,1.4868154853998454,1.5078768918712673,1.7122128931990863,1.7768443367745703,1.8909244342959142,1.897739668299651,1.9361598734869563,1.9378762422213625,1.975454534610356,2.0074935011892001,2.0163998232086371,2.023227325386812,2.0340922918159223
1.3234884162371328,1.3572962191160425,1.4340088564637394,1.5174744205212674,1.5587266208299124,1.6497420353226599,1.6498966307767224,1.7154614881820378,1.75374793821283,1.7626592925062787,1.7758364105916009,1.7883595212061643,1.7896310050840238,1.8094177256186743,1.8373911467651522
1.5005099320037603,1.7749278013938115,1.9257012959355069,1.9364464935399663,1.9696294981094309,2.0350089408739023,2.0501324736375572,2.0595194232706127,2.0671719062324931,2.0734926881092401,2.0786597422568991,2.1080316297142261,2.1320288327293362,2.141667608891987,2.1451200718726557
1.8423080146702635,1.9418165872495987,1.981254136648102,2.1679382627235118,2.1779734499762951,2.2272909859399204,2.3198198512336949,2.3207713417374767,2.37222699833772,2.3789941059850732,2.4560745951354943,2.471902108074743,2.5031298015680172,2.5390123886578317,2.5511871790778189
1.8894513103320283,2.106782433414943,2.1794558912573239,2.2237918162647365,2.3358025668616182,2.4775730824552435,2.5292232992862993,2.6096727032510452,2.6368210816125131,2.7141277254263687,2.7698980150033683,2.7750822660390586,2.7869304442963525,2.8428142032226211,2.852617519302417
1.7036436563896133,1.7962351834653225,1.8101727047484937,1.8871902425998628,1.8892687022096413,1.96034716380505,1.9715241810927202,2.0002508890201662,2.0158460782298731,2.0248510824141461,2.0372715707153843,2.1363903315640687,2.1919757422356607,2.2340718483300157,2.2644661328800115
1.3388686843387028,1.4832045533373002,1.5477421818265555,1.7021971570286363,1.7709094423444602,1.9156768121600951,1.9300479922224179,1.9407562768638402,1.9447007461306556,1.9818827495943596,1.9985655183204258,2.0397957133599216,2.0597470527713777,2.0756453187688888,2.0773257195242603
2.3666405461778388,2.4477236647248892,2.5059463424463631,2.5064837298295051,2.5660768064095518,2.5730720586676794,2.5859358800173555,2.6047981576304347,2.6425022888051815,2.6591512277317486,2.6948470229344128,2.7058053909709798,2.7336602690303371,2.7465413498407525,2.7679904395914683
1.5341415884320311,1.7818190286761564,1.8323071224469638,1.8512003256981473,1.9045117417329704,1.9903896488529871,1.9940296378126861,2.002643077313524,2.0267690840196919,2.0322032285082319,2.0682275377768478,2.0798702430731209,2.0884671440701883,2.1176891410253966,2.1561264867082808
2.2904971906183347,2.3592196846358702,2.6104667845608365,2.6495120279495898,2.7250189997491319,2.7509194723099308,2.8716605014541816,2.9266447661832995,2.9699162235347871,3.0148256669143962,3.0682473407161801,3.0903154007541085,3.107179193624741,3.1303164451966499,3.1486302418840317
2.1853349809340141,2.5943028864951447,2.594559154060629,2.6034776618120681,2.6627258299309737,2.7034331003991303,2.7235127476996208,2.7248967455291151,2.7281977913101478,2.7391656281187213,2.8372762781485577,2.8497747618138636,2.8651467450144308,2.8825448210488775,2.885053784039612
1.9683901763312315,2.0517336333724208,2.2757240078959859,2.286908974129934,2.345281175605376,2.3456040597432848,2.3826190179635769,2.4057216751118347,2.449568941844277,2.4539795913732423,2.4700795597608924,2.498463665150473,2.5079929263496323,2.5260703475505144,2.5266900931560219
1.6723762741268355,1.9888175337000955,2.1256242207052432,2.1490628280233381,2.1892525989236256,2.251140289681083,2.2725029355890629,2.2870658600079259,2.3193283495170833,2.3274686141388341,2.3842359574625638,2.4037996641402999,2.41012806893752,2.4139196751613041,2.4146047278326788
1.8326071407429081,1.9936891431212234,2.1736547822441414,2.2265320614735526,2.3876802630455125,2.4298610714532289,2.4741729368396137,2.5216002617558901,2.5310452676816504,2.5980231490519938,2.6074371742072362,2.6470665219148963,2.6512718012779666,2.6778002983981453,2.6808501820288666
1.4848401567604719,1.8076431180078747,1.958987360558297,2.0198516994694229,2.1154320456820401,2.1546104509857718,2.2859484341979615,2.2948438487998875,2.3071917923907357,2.3236740920019465,2.331414188590172,2.3673678508442668,2.3891185718392505,2.4136707912574455,2.4346109746104809
0.9354306751882161,1.2335613001381052,1.7439721234743981,1.9696397523152955,2.0451147464136432,2.0767368441662382,2.1328167740237061,2.212519953839974,2.2165921917130844,2.2413539603132646,2.2580448333286305,2.2614277936915248,2.2868711952689078,2.2918666639739733,2.3149758636050506
1.5191324708517533,1.9091758694038357,2.1618061428990969,2.1756509398041897,2.2381223709551934,2.2548864238344559,2.3658360581937221,2.377047282389857,2.4779669484553679,2.4925581042281792,2.5187571265227153,2.5846052150424015,2.5893194678059066,2.6003355895013267,2.612698058653633
1.552181670670844,1.8152456351947883,1.9935936894554336,2.0501169385923985,2.0545464850300483,2.0679301909156678,2.1036497397950522,2.1894167101893971,2.1927401301423202,2.2874861519802625,2.2970812626232786,2.338935812058109,2.3847455081633138,2.4083971357244023,2.4406772780583905
1.3719120837825995,1.4371126633414264,1.6995902713385678,1.7514049178333007,1.7811080994087183,1.823434631569113,1.977947901113287,2.1576715059387106,2.1919851357193902,2.2126884494544115,2.2408119034702723,2.2583215450361496,2.2727549784617334,2.3123265209950499,2.339903818163052
1.1917977900413426,1.3699283206760662,1.6323970225142701,1.633176616813907,2.0725275045834604,2.0999181269993961,2.1260051330321605,2.1261771650107093,2.1826838862432667,2.2084787590248074,2.2308673305120319,2.2392586718628906,2.2430860034055415,2.304052893627393,2.3230799293207145
1.899471141023249,1.9199542538321643,1.9909248750227799,2.0088922805006448,2.0209908522124231,2.0680083401022249,2.0915559773786678,2.1361875720631152,2.1743850226254238,2.2096963029237071,2.2101274874280703,2.3051454450895816,2.3140535813023897,2.3596864977153338,2.3752348923012514
1.0833167747604693,1.7203503734652845,1.837396212447123,2.0634157361444041,2.151430227970323,2.1612745713876804,2.1976395601553391,2.3095396174834373,2.3096117737355804,2.348676889556137,2.3824288951386183,2.4020620068565304,2.4094970209722546,2.424323443150965,2.4546206633083254
1.0751557334127733,1.0900692635892435,1.2672749296428329,1.4957529377313628,1.5482974843113815,1.5866709880324013,1.6222759970814722,1.6261127718642301,1.6373538053992622,1.6832365392141562,1.7057245190096151,1.7319470463657616,1.7501902493046029,1.7931917030763709,1.7989326900718496
2.2888931499095064,2.3219001016950949,2.3680705146846881,2.484228425623765,2.6653244390585447,2.6875036348826709,2.7097820246299436,2.8812216923181611,2.9483406516051005,2.9984017532792202,3.0122923958536263,3.038030197609598,3.0474190364736451,3.0654275801191351,3.1115301947459293
1.7254661055675209,1.806097324849288,1.8407887174511102,1.9176545851319999,1.9434113612578081,1.9758671061032311,2.0828184473555007,2.1467005548810882,2.164482696407386,2.1835133660835684,2.2168009376597264,2.2202985482780679,2.2296631328976528,2.3062567107745631,2.3503673659414677
1.2265649448040266,1.3379900260948152,1.6096189815034874,1.6312599754133947,1.6717299304952304,1.7572541330844875,1.7948147223714364,1.8187269152802026,1.8310526524941615,1.915282385881524,1.9253588264321599,1.9356317150199494,1.9461446940736407,1.9535247511721257,1.9713620391081526
1.6181071971391552,1.6284700008490045,1.6704702322268159,1.8934000521195902,1.8936270714169823,1.9108579100421532,1.9333455586888506,1.9946745689968561,1.9974402333900121,2.0660705058733817,2.0692065204685979,2.0884263577961346,2.0932182263652264,2.1273339944031555,2.1354769759345311
1.4623635993906412,1.7735370430262969,1.7920919547632266,2.2235161977663438,2.2615049827007923,2.3114851019667899,2.3338025063152936,2.4246120308431456,2.4302218547703474,2.4444451466352151,2.483415827361787,2.5187754619356437,2.5333068598293127,2.592071221102703,2.6069284148386536
1.4564022697437276,1.5828970740265205,1.6278369240090225,1.6445078217411342,1.7215472110309511,1.7825269347186945,2.0497690769972943,2.1927391895158146,2.2280055910458869,2.2436841262446174,2.2638600000061833,2.2648430248397768,2.269536741001652,2.2822666586492564,2.3644529264941583
1.1993308951665886,1.4878738789802983,1.5358251192862988,1.6281408673948325,1.7041534752878185,1.8008142792231419,1.8323994983859508,2.043348303629263,2.1133064538349595,2.1593766171015689,2.1827501446683635,2.2111299573207726,2.2443952648502909,2.2700010164472046,2.2969750164704883
1.4229820050920057,1.5028625023145086,1.530561401815844,1.5745977165026379,1.6150059017081164,1.6188168795430165,1.6324052232913289,1.639602222009501,1.6679529003015479,1.6811711689955107,1.6952437155366895,1.7506633471093365,1.7527796507064421,1.7634057085303374,1.7864775658560164
0.76386223693765454,1.1044937565194135,1.1626998972083584,1.2600492304214383,1.4341990119437595,1.4900760750514044,1.5086795434217899,1.5464810069949952,1.5787338971998148,1.587213128966148,1.6029710326183757,1.642582878867102,1.6520762692736379,1.6595128872318112,1.7022914976857699
1.1685356740702635,1.332061992526353,1.4688996433834238,1.5478489479418198,1.6085679710965308,1.6427750512303876,1.7502270023074373,1.7819936625558421,1.8245741724263391,1.8864449223377044,1.9454665860877929,1.9494394975429421,2.0326985340191919,2.0433159389111917,2.0704953220767641
1.1884832178906874,1.4269100270738699,1.4439612620854618,1.6902257181105882,1.7316708560506462,1.7666705701255134,1.7948654214584219,1.8166692630459134,1.8256078379649401,1.8707488958105116,1.9832833879784832,2.115183042095274,2.1168645181387777,2.1403812790556334,2.143041919730885
1.2863527912739654,1.5302225911595502,1.6143661245025047,1.9072190592171099,1.9312937740190004,1.9471861332279961,2.0085819702003058,2.0293688270406887,2.058829521663323,2.0868115822239082,2.0868379380836939,2.1110360710045799,2.1380628069999479,2.1541140687954261,2.1786933591546411
1.5129449743784946,1.7418486107106435,1.7503857425689002,1.7732875059641495,1.774717002339514,1.8199357932347875,1.8358717287067827,1.9050662287491156,1.9956834234861753,2.0024775187028294,2.0280612147436452,2.0550583727828449,2.0642364476613708,2.0844749265104277,2.1008015868437928
1.7310528994658982,1.7965564573879935,1.9339033948626765,1.9365171303422135,2.1084696815566426,2.2183990481700127,2.2302424410555601,2.2503888456975831,2.312552373292085,2.4643835293575287,2.4652620471677769,2.485989070521605,2.5099694294934998,2.5659273633892958,2.6165719158244691
1.8461375351187594,2.1465090625743577,2.2019346108482178,2.2322204694321739,2.4016242550365532,2.4577680887967688,2.6654836817014025,2.7405925483231042,2.7725833035905882,2.8249604332051539,2.8547122190901066,2.8554923924533351,2.8647421846484771,2.8665383634939019,2.8808742314966516
1.1675756703528457,1.3767656609473047,1.393520753624272,1.5035267500517928,1.7041602123788944,1.8255036240895954,1.9579982369446782,1.9844388524636882,2.1251918350846495,2.135891686512795,2.1366579183758727,2.2319402384048561,2.2465654164090245,2.2828267144824328,2.3087602524180837
2.1394838966597063,2.5913916222576145,2.6144115024821817,2.6371235220759113,2.7041639916780817,2.7446658063900053,2.7511110892481425,2.7521275881819505,2.7711159890405321,2.7724642962194967,2.7841810711991277,2.8089476785420047,2.8861885236086327,2.9198906168883436,2.9278177125793463
1.246309768780095,1.5427900619365102,1.9017884782739873,1.9432105061417588,2.0875998098730157,2.22252388448935,2.2265293469348664,2.2466743118365629,2.3356646130353185,2.4241998068911652,2.4470643639781486,2.4569692422101692,2.4607198747070806,2.4978025080523563,2.53070681026268
1.4392690189555526,1.4990608818523774,1.5017003273817242,1.5688258319728503,1.6155621898868537,1.7108473447700803,1.7225355544037739,1.7355245590200257,1.7487910312226442,1.766002282494096,1.7676696901017448,1.7749954832434569,1.8125966664041617,1.8142627699917626,1.8272377495677754
2.7381357130988229,2.9592867544956567,2.9848128467121513,3.0352443479466968,3.1016100516416185,3.2533382149268637,3.3103952935820073,3.3710290753471215,3.3913632808677385,3.4083900686443931,3.429433611398073,3.436701705741481,3.4445016400415187,3.4538314376564134,3.463430730532512
1.6847362037549205,1.7379957704102755,1.7686300232161996,1.7962015464221202,1.8226027044981186,1.8273821138371467,1.9130233207861309,1.9434718758199605,1.9694107018070324,1.9782091588345165,2.0033892241630742,2.0117324124536071,2.0881363987340955,2.1085181437047384,2.1315462926273137
1.578403527974684,1.799599689599136,1.8637411845824532,1.8787196955798009,1.907202369649392,1.9135743064366457,2.1114322054628336,2.1371629127900365,2.1599489255787123,2.1904110036795275,2.2121243036068527,2.2145820397227562,2.2222660095929982,2.2406448982912552,2.2687811888218223
1.6969643105403198,1.7058277409965898,1.8710472068747743,1.9378300506550072,1.9429326139855436,1.9736267192013284,2.0142611347401775,2.0579372092600088,2.0873582744185333,2.1803467828544059,2.1832125791497203,2.1832933617397074,2.2362891725738159,2.2471035657528486,2.2936057500145073
1.3129833588464384,1.7656862165285636,1.8504536942117538,1.9094186995496656,1.9689221379774144,1.9839319156798594,2.0054522376044583,2.0892451365657752,2.1720706786318451,2.1788196372076976,2.1869803648263102,2.2173034297870449,2.2304890144872953,2.2316752402948139,2.2463929670713036
1.3801572722621427,1.3913838621218575,1.5317144173980375,1.6320562465184358,1.7047698089276895,1.7807390153516007,1.7918699432945473,1.8161849548419307,1.8376478034948291,1.9211326396260562,1.9323177171100203,1.9487385360123581,1.9551659144852658,1.9798533473761462,2.0213944339863565
2.3322474601618537,2.540951850696147,2.578583168348465,2.6686747389011027,2.7599434462728896,2.7601058717063989,2.7912680011694384,2.8085247440237397,2.8105929059730408,2.9404055213102991,2.9549122449631873,2.9899452416112617,2.9937942783913347,3.0779267544877502,3.0904881041773837
1.2286852841033733,1.3477006560352647,1.4915485169992568,1.6490805114442373,1.6681067696157155,1.6732063908334054,1.879976620072908,1.8907717073399195,1.8929340286544172,1.9066521391569491,1.9375613620345451,1.9443025529180151,1.9477403047363178,1.9801958103504211,1.9964236833604136
1.0096065134486363,1.1393259570757652,1.372211836312323,1.3922023094193392,1.4099892644332233,1.4413721164525066,1.5659493878522059,1.6011908707153502,1.6180726604186551,1.6307567395752807,1.7217707860682232,1.7282925727148968,1.7331956989497557,1.8008399787456502,1.8138017433676001
2.6844726315961513,2.8012317279324841,3.014129185829002,3.1420946867677024,3.179545050586996,3.247463761900462,3.2554488031353288,3.2609182851720204,3.3036923725541256,3.3242347877221716,3.3273905370153884,3.3315516532026206,3.3494992792406744,3.371148691862226,3.4068130002969168
1.5774386620794441,1.7936443618170124,1.9353102680413463,2.5056434929838978,2.5312827777438631,2.535161999636828,2.6274558072095293,2.6291345296195998,2.6712678545653787,2.6765685582898984,2.7435637405052473,2.7796655477755534,2.8085852264458864,2.8276236459291058,2.8362719998751591
1.8089931604039744,1.9014878741806926,1.9570022112164644,1.9586254631477646,2.0056908064682908,2.0294433363813038,2.1619194851372585,2.1870669574039949,2.189700982733938,2.2682004993670897,2.2689679207683731,2.2709180361896908,2.2807000196869147,2.2861760749070537,2.3111157117632746
2.3658062984698027,2.4542271505109974,2.5374495910303629,2.8496073279805478,2.8801672780368768,2.9039429320559269,2.9045582487753863,2.9457000034543519,2.983384014467672,3.0561921622723727,3.0629087082615469,3.0849923873209089,3.0894682922060981,3.1128627626743932,3.1227494103014308
1.3863479757845205,1.4772564553146583,1.6546665840116366,1.8116071761123385,1.8828891462771826,1.9903038115132725,2.0345842514306627,2.0550347115163783,2.0661378342520491,2.0866017419918506,2.175647933559524,2.1864054127538926,2.1871176874053906,2.1985116353292686,2.2037399412796219
3.186310124187774,3.334498379959276,3.428844631322352,3.518906136005953,3.6599264252860562,3.6807761120702822,3.7004604804995846,3.8016193185353018,3.8059722384854395,3.8295829406199453,3.8464571535410093,3.8603173031878759,3.8755676679056812,3.9073562855339463,3.932777685711363
1.6965015691341718,1.7291302609419483,1.8208575881040803,1.8988180777405699,1.938488405466781,1.9552552211701504,2.0407027148494383,2.1481744552601469,2.1784241991156574,2.2382821105745783,2.3290660704087141,2.3690853033162287,2.3755054694332718,2.3931948018260911,2.4842014284790612
1.0971754618647054,1.1844118481615031,1.2034248929752032,1.3321285618576428,1.3585046243550243,1.4515101669274155,1.5718565019187172,1.5951814995405511,1.6270873783881274,1.6451993650088679,1.6744423105177584,1.6974271771750069,1.7020047941841159,1.706260968342709,1.7197602874371261
1.7112248493600988,1.7317633067748615,1.8557584594039778,1.8622609774380461,1.9651476367973941,1.9872516167303669,2.0190560721945143,2.0412442903823225,2.0457123846632705,2.0798635683572999,2.1191719380767098,2.1517414919789899,2.1972909565082821,2.2399294491322901,2.2766962311607877
1.3901408862159081,1.703810341539616,1.7839862848207528,1.7958551834526122,1.9819896458073245,2.0725952359164426,2.0895035119040766,2.1261696618875376,2.1291925069571351,2.1344338204739453,2.1414132962051919,2.1451133706207943,2.1699344059635011,2.1821150227551724,2.2075864762872199
1.464563082024273,1.4834828337247581,1.691853808215193,1.7118885930262608,1.739588693268123,1.8416784537441697,1.9708298948396727,2.0191234296497513,2.0315726411399155,2.0804597463710226,2.1221620526604936,2.1703216627799331,2.2301402555931134,2.2613862528297135,2.2828125949427331
1.1464431723958262,1.35372250931588,1.3790843933284391,1.459678287814715,1.5038182345794535,1.5175792340598988,1.5396346056715853,1.5782605750480037,1.5998861302366805,1.7312166727181828,1.762830404801444,1.8096254346491687,1.8477434260724659,1.8597495748027628,1.8886888821496031
1.3743555190740182,1.3812633356559094,1.7334712044336296,1.7554366657574652,1.800112134231453,1.8400262472137767,1.9000621805846616,1.9653369604077298,2.0107926415707982,2.0315824056242358,2.0691880630709236,2.0852798894086795,2.1136568382877052,2.1252376921428624,2.1466509304265826
1.5413934809858805,1.6441859844636912,1.7404287410723593,2.0435150582195956,2.2344751299191543,2.5009563302987678,2.5417462088117948,2.5450776244820261,2.5692502875393162,2.6278386528301607,2.657601600975624,2.6707992464069621,2.6757505279354752,2.6770263707839788,2.6890173853315353
1.226078632787766,1.5862551537647345,1.7029398368965663,1.7033936325553067,1.7447505971139499,1.7472619288489102,1.7601349694285684,1.9606911157019942,2.0442144781547373,2.0646348932092149,2.0670100543495296,2.0732430119265262,2.0805181353663342,2.083743922380437,2.1073291804616443
1.704843585171947,1.7127714210965301,1.8410999512348316,1.9775128686328602,1.9942184225112016,2.0306031272191638,2.1941362885859315,2.2431638549999677,2.25004538351038,2.2610523031645036,2.2687562917338608,2.2955337841481027,2.3226283599671138,2.3410810818143202,2.3469520537874273
1.24451097774066,1.6661652355974899,1.6787621103379025,1.6841726498733747,1.7168692399946137,1.799297597425102,1.8634569234094536,1.8712642991869781,1.909493082145054,1.942801305978171,1.9900236136823952,1.9952226654224867,2.0363910044078137,2.0579895397295296,2.0782369162616181
1.004269369840961,1.1330484884556542,1.2801820917139974,1.3272064563354316,1.5283887755707706,1.5387139829032044,1.555738481682555,1.5964783034039502,1.6233756803103954,1.6264887247740141,1.6323081536384558,1.6695212181883292,1.7143891781819336,1.7355340327087154,1.757453635511349
1.3207665225705481,1.769025828525653,1.8599627540426578,1.9213600636113719,1.9466676489416077,2.0224221984976669,2.0377879946718727,2.0652392296036495,2.1544429828044054,2.1629722600001955,2.182671116227537,2.1893591630171669,2.2073065987300597,2.224808954087703,2.2513937769777685
1.5103081165100505,2.1644446018361885,2.2014040603003178,2.2719789085520028,2.549672926067013,2.5611535582355569,2.6798822464274235,2.702704024886442,2.707974923666161,2.8564569207782573,2.8616911424894926,2.8763103484472152,2.8859917100295491,2.9015615426311241,2.9222700210907004
1.3515379517315438,1.4167850663169215,1.6604877710144625,1.6926482102921276,1.7249611204739956,1.7393292513055865,1.7483151235157708,1.7960339101624947,1.8490784859480278,1.8886904853155486,1.9194884301091215,1.9529027547926467,1.9755600193112894,2.0047983922161325,2.0534163210358893
1.2997035313418519,1.5268741115619171,1.6616155617244923,1.666119647738536,1.7137172025660281,1.7356287712790133,1.7362023629887022,1.7366646911278449,1.7844511418159659,1.8312348344640503,1.8421247588144611,1.8838447835142382,1.9392353000672875,1.9502805413892568,1.975600374206449
1.3550386768044769,1.4624455808985037,1.5655425971441805,1.620856388074573,1.6237837863212807,1.7655685459248163,1.7663186124135744,1.8501518310630025,1.9042748722427925,1.9587041152013536,1.9673479741173172,1.979847689730698,1.9830973670393692,1.9882787587969311,1.9956825843174122
1.7163309831843399,1.8721735248015057,1.8903590923951858,1.9162590328517684,2.0122520893639959,2.0149636967032443,2.1031772557933666,2.1246837041308875,2.1256554876103095,2.193408299719771,2.249635167780073,2.2619906802878549,2.2929519915705532,2.3163309696182139,2.3277473608366743
1.1176913800971724,1.3601043118528755,1.3891996829037792,1.4406793377808098,1.4420655866750738,1.4494595162173727,1.4628036034945027,1.4887946973511539,1.4943610875684437,1.5056974092330844,1.5274766989659763,1.5323211955475813,1.6064890562256244,1.6105544150691111,1.6187135017882559
2.970117036288761,3.0151215517383081,3.0165442731551506,3.0315030474712321,3.0654317937252422,3.0911614377141472,3.1201639698494992,3.1698302451203735,3.1836762276063153,3.2309145562638744,3.3463289641925043,3.3755814970833238,3.4085799333959406,3.4151139764909391,3.441037922416494
1.512588746515823,2.0987466706669471,2.1763664613793896,2.2038577138444273,2.3079749879230307,2.6733238113966213,2.7107194577149207,2.7323009704756154,2.8792620087576046,2.8930082027861284,2.9078460638974306,2.925724693289069,2.9272664812020097,2.9278097095229092,2.9383352449848066
1.8180067899871128,1.9509482213751206,2.0600376549550532,2.1342844166952619,2.1361598476993575,2.1607306981834662,2.1623917119501681,2.1788734483708394,2.2152668150973338,2.2535687529744717,2.2868674815225845,2.3146831478877616,2.3555437234861074,2.3667878147371959,2.3882152923702389
1.9451212059903797,2.220151991374018,2.2902769980241837,2.3389385808000545,2.361672962402416,2.3742715506955121,2.3824365539176959,2.386871543400324,2.4023392222095281,2.4386755973296879,2.5025004115201632,2.5702619525046417,2.5904313056124311,2.6279746375671649,2.6506244469116012
0.76711056744406581,1.4863523717984424,1.531740657494818,1.6147746933211578,1.7371775186682692,1.7620103835822885,1.7673805079635907,1.7736126604197004,1.8120215110471485,1.8917295194555315,1.9110097792268279,1.9253322702190423,1.9659058212655622,1.967993367139153,1.9871182567066876
1.7850728056880891,1.8351723880489508,1.9173820483419366,1.9711381671618335,1.9817913526808715,2.0032580794447719,2.1213379502653327,2.2493654411573987,2.2870310110774641,2.2959730993128664,2.3855958061852287,2.4030884582508327,2.4156311330589775,2.4707122582629872,2.4788861886721665
1.3910826945480241,1.4468532588934753,1.5260530171102205,1.674974880100045,1.7205360805920937,1.7786290904342632,1.8082114026096776,1.8372449011678498,1.8487602192045773,1.9464679698837892,1.9692161592864899,2.0335933304089169,2.0372561328130141,2.0531433954371043,2.0702612152194875
1.8354065994005655,1.8605622825729817,2.0356820686174628,2.2835370089539118,2.2855523489831859,2.3994921484695411,2.4257586516361043,2.4531687777378606,2.4618830430309759,2.5365597172831804,2.5545612491860634,2.5560284446688608,2.6311470659147247,2.6535749051949038,2.6640845120901679
2.3942793798626001,2.4836385678845687,2.6851870484711085,2.7111983911665325,2.7131708301769093,2.7354629272631494,2.7392114222452615,2.8716931720047585,2.8757418294740837,2.9037949515164403,2.9200194891546984,2.9521990706005234,3.0713218541706611,3.0930308886209938,3.1016118607803684
1.6179402253180299,1.8024147588909702,1.8452712109220597,1.9397963324122323,1.9458691853791508,1.9654764186941789,2.0319119349406063,2.0722442108817818,2.0799625626938392,2.1064562389963188,2.1085422321251479,2.1187445027776186,2.1329374044313933,2.2116698575159148,2.2445167047074777
2.0275979439320926,2.1505569972524241,2.2488202889301112,2.2807450783209364,2.4233773684369404,2.4237244016552357,2.4598379276606721,2.5000468128206879,2.5132310397736752,2.5467121786401745,2.5501180687726093,2.5666535918162405,2.58128495210482,2.584433751006463,2.6143684777174219
1.561945949316476,1.809737707438924,1.8225249834138801,1.9959499406642813,2.0041883385071659,2.0242633422965128,2.0369678018041655,2.1042322263496827,2.109983270417946,2.1184476127202694,2.1767952509779724,2.1962117037074771,2.2405069369824493,2.2701382201437141,2.2752578174361608
2.0282536813559271,2.1478219758800958,2.2849394368003599,2.3574415919802343,2.4872610782770743,2.5048840700781327,2.5055683004703271,2.5277022298118541,2.5610952745277755,2.5762598217701331,2.5920941247649503,2.6779699315687999,2.6961278359246208,2.7451610569702574,2.8041530228842091
1.3767591258676675,1.4081386637115165,1.4602433674606816,1.479774386684604,1.6510804388979754,1.6791537659703508,1.7102203019719826,1.7475742909230148,1.9190743829180066,1.9285761661861969,2.0194137558877521,2.023856262202401,2.0355924828520653,2.0654175981349394,2.1036780015170895
1.3992752332719469,1.5885965321531803,1.5991862563251469,1.6580883333427132,1.7099108788712427,1.7551920713277418,1.7785114953184404,1.8054868854036383,1.885718012275386,1.9035042580102575,1.9751949772949653,2.036505507331337,2.0899327709469295,2.0957487170640179,2.1175681684797771
2.4254810161896994,2.5731200116145327,2.7140536564243249,2.7658907266751807,2.7952303931647635,2.8130772718408941,2.8348823742524742,2.851641829824846,2.9167434623774433,2.924900797971496,2.9384622050601634,2.9553614215430359,3.0452244770774839,3.0566694238517416,3.0770365766367553
1.1633608097214654,1.4692829435511294,1.6413511998881938,1.6993248989053724,1.733427969596381,1.7682527358976561,1.7782192056975288,1.8131792827397029,1.81752656364775,1.8621631966095797,1.8711006338817142,1.8747656699028252,1.8787547741900725,1.8825631433675867,1.9441445846284986
1.8661595436688987,1.8982706310801509,2.0069940283874748,2.0404335502697197,2.0486766361641462,2.0892287662098723,2.0950591902713249,2.1054343593277993,2.1248671918064184,2.2315770302658282,2.2924924755300027,2.3627294152120522,2.3776299716657561,2.3811608616800428,2.4161994023747946
1.5731999735446152,1.6670174535484679,1.8070341857368415,1.8435114067463549,1.940355497287785,2.0778607296622513,2.0877022245071806,2.0970648877378277,2.1040919318049069,2.1267921247790733,2.1276350806599784,2.1471229677083818,2.1757199605943933,2.1775632974081414,2.1876777800914375
0.95132795641336398,1.3061473749235752,1.4367823410078255,1.4494521057591458,1.4529851309377351,1.4885890116968579,1.5113225544571081,1.6554372320682977,1.6655636480613429,1.6661565838553531,1.685183496794221,1.6969513885018146,1.7115606128913068,1.7193200023330224,1.7203397157599667
2.0008029098010542,2.1416044668898211,2.2745123636124531,2.3063736173912845,2.4032988951015168,2.5182801671792863,2.6703353279581972,2.6916307514871955,2.7501388945576353,2.8248749112832887,2.8258149112636697,2.8753659203006023,2.8939605050475583,2.9087076886887266,3.0061886232358259
0.78835357508476234,1.3768733012091954,1.6014539239352201,1.6357808432104819,1.6378395800677708,1.6665539265530309,1.7020691103591792,1.7023460699695878,1.7148436881025573,1.7206777531960555,1.7248088536576147,1.7919288479784574,1.8742709868451493,1.9193559015785455,1.9567942353158099
1.4144257891192802,1.4342100103100539,1.5134814889569517,1.5461477718425698,1.7762873690368099,1.7936655877247678,1.8160300068333177,1.8235094112040349,1.8921340107817097,1.8939742567202023,1.8995948058837975,1.9366267026870003,1.9480318095553648,1.9688537536660458,1.984699974322798
1.8435058889810572,2.1469264896901552,2.3503369663862093,2.412810963279691,2.4187777350835837,2.5140148115696914,2.5909495690151108,2.610125278532339,2.6173741118926261,2.7232779331926271,2.7636538172503951,2.7681060107947051,2.7916128661652064,2.8196328489625833,2.8256385299880069
2.2652335131291053,2.3519049816303688,2.6333115854461484,2.7988822842651842,2.8158395642355192,2.8178618825788919,2.8371868980609776,2.8576833760047955,2.9344722287542533,2.9515674325738868,3.0027669991725485,3.053432739223048,3.0563860016011222,3.0881826017024347,3.0972508105081258
1.2927064192951971,1.7402051014724216,1.7533412800629575,1.7586819551644222,1.807726236026973,1.8146079876689236,1.8328661025348298,1.8589451168585354,1.8685383327835721,1.912149434588136,1.9207266458940573,1.9570356289814632,2.0158596694095268,2.0438662483003056,2.0503605408031502
1.7612160999686421,1.8232055582225926,1.8689107146959631,1.9456813726940521,1.9876535264377062,2.0083380009788234,2.0158814623867798,2.0165467725535842,2.0705066338697491,2.1060042916633703,2.164552892881269,2.2200880058024368,2.2265005102443083,2.2587143306130781,2.2677751174601712
1.1438879016352588,1.2028264172724619,1.3013347988764472,1.3541448076926628,1.3587565236027015,1.3868885402794922,1.4071512245882218,1.4330252518639341,1.4890747666529571,1.5275761273589821,1.5638321803571933,1.5789976430454835,1.5844432342151262,1.5923498846118638,1.597312831394736
1.5499507061621252,1.608615976528518,1.7483932101431692,1.8056896995650829,1.8067084735386481,1.814506915666027,1.8238146152958552,1.8314773076025104,1.8912618456138075,1.9320523510519212,1.9728142468299483,1.9948019888832438,2.0248133032793034,2.0352669542975659,2.03592177104407
1.5999936433971329,2.4566595024060751,2.9344241055496014,2.9954787626664037,3.0071965006247692,3.1130524945965967,3.1656254155223325,3.2117493962762551,3.2573113665512214,3.2868371722912619,3.3645897192363625,3.4186777187634063,3.4424459494427646,3.450310146814612,3.4553673973491614
1.4683956535100418,2.2071783088890342,2.3344321141682771,2.3678343696382456,2.3802500783341767,2.398915972859621,2.4410634258985797,2.4423952419031312,2.4489118377758228,2.4924434752605427,2.4940221617413112,2.5260194326632726,2.5548153100293192,2.563328274724717,2.6479912708917821
1.6679002750098588,1.678901725092647,1.7859386755866671,1.819587116790969,1.8279406718999121,1.8871337353352424,1.8913642662435444,1.9003187112079138,1.9239773654532011,1.9345849566207192,1.9991696640365559,2.0523817089315219,2.1123373427267249,2.1353713319055294,2.1382824671837195
1.1671594295110288,1.2535349605518968,1.3004502228013732,1.3172157431714577,1.4235483859428575,1.5419620296209759,1.7171674963087051,1.7239406203596903,1.7333715974195809,1.7394217160361471,1.7613549990993203,1.7665289779174833,1.7742675488224393,1.8114547406276875,1.8216200968495002
1.7329765773961241,2.3532206340543884,2.6289561076989179,2.7921269150472909,2.8243433296781246,2.8927963674542982,2.9078457268742066,2.9114384886283151,2.9890688931651894,3.0056237984621998,3.1225838651398314,3.1234494065053551,3.147998765716741,3.2191728188949775,3.2392177548948706
1.4452438645141417,2.026811880473093,2.1035911606437154,2.114504674926077,2.3322403611908191,2.341632671561487,2.3418154690068502,2.3673797303369093,2.3863048567558103,2.3871020926190765,2.3882471704516437,2.3964509579109219,2.4441389733138061,2.526403046457788,2.5277363891950926
2.1284111705167996,2.1652560504145208,2.195739507503462,2.4159742303083158,2.4181683926582567,2.5396577136887659,2.6379102782564647,2.7224624095653964,2.736026682659968,2.7649972929402744,2.7756318236349,2.9132401138598816,2.9248848959261111,2.9249171511464676,2.9667206590552455
1.4613693258731504,1.4816055317398609,1.6378082356796213,1.6805223660016879,1.7952731946563401,1.8842108462293639,1.9093981612057689,1.9415708202563966,1.9514674550884559,1.9621337606063962,1.9723099464711353,1.9775887284579396,1.9871487970870219,2.0506961722773074,2.06411357176869
1.7778573303131566,1.907599499119953,2.1243985750479246,2.1257864293902502,2.1580120217578815,2.1872843032870382,2.2172659996670716,2.2220335786802869,2.252580196520813,2.3525631496893151,2.3811234154131315,2.3958170148103215,2.4007710941068972,2.4166000766250484,2.5236581808562475
1.4500322504730263,1.529106596554888,1.7277249308148088,1.9184785306960259,2.0210572911700417,2.0266858044688676,2.052922865959677,2.0698337641484206,2.0727975563230929,2.0781033670223272,2.1227857512594617,2.1632754535505097,2.1693158908541106,2.1804036043244559,2.2033533215635464
1.6444842904104182,2.0356659711971412,2.1260276237003866,2.4570126123339739,2.4790486187312637,2.5347407380425446,2.5567916260680703,2.5581370763983249,2.5724064728600209,2.5856032203797614,2.6596275278906978,2.693054852078653,2.6984249036505652,2.7001150214396126,2.7166950685274065
1.5383856996451069,1.5513728125439308,1.6176009952359673,1.6285818384858961,1.6420794164862802,1.6840760927455203,1.7148129930972862,1.7170906706772933,1.7253941968697843,1.7259065271978073,1.7432567711604621,1.7530570856313819,1.7688342412717917,1.7845555360979954,1.7854178158050631
2.1784611455573493,2.2286623827815943,2.2856470879609367,2.4088214765342726,2.4524938738872115,2.7122849873010981,2.7315945744553867,2.7473267035554327,2.8621597586208001,2.8731473351881749,2.8865829774479046,2.9198009600783457,2.9394861593991024,2.9448168991889396,2.9538356437057662
1.3559991120091159,1.5185644302088692,1.5400170916209448,1.6710106821211337,1.7369753138290724,1.7877471159323379,1.9794616368728457,2.0750759540141179,2.1649843016781651,2.2020759077503436,2.2026996031644579,2.2274217172935957,2.310368033862447,2.3119318712348416,2.3318689859262891
1.6555655364755075,1.7345840061879001,1.8574600112320332,1.9778374161394188,1.9966911436562886,2.0134388250815847,2.0972336781569187,2.1235695677408502,2.1273968203800004,2.1454014556967005,2.196924774813751,2.2218582287255972,2.2304744558840057,2.2425237121137802,2.2611498416269482
1.275492559174235,1.619743986894566,1.8165794407112974,1.8590905295349542,1.8838524085696198,1.9008998893203841,1.9092376893957679,1.9600334724988526,1.9675042673630381,1.9970148868710171,2.066360262475512,2.0830310993578158,2.1013469722063669,2.1279773763538334,2.1550209080719029
1.6848281829922969,1.7182670690989272,2.0127020042608414,2.0691418653179809,2.1415901884162243,2.2702508523110922,2.2725370293125828,2.2764253275815656,2.2808377309618955,2.4895763949428162,2.5124323531323456,2.5288452616327914,2.547480429378838,2.5600563958515692,2.5957821870432638
1.2711759366501107,1.4756917036915522,1.6645761582103096,1.6821166054224119,1.7251438887522332,1.7938539607708937,1.8126695558883801,1.8311809338529244,1.892750176674397,1.9005757626999795,1.9032506725611349,1.9919773444769895,2.0104092349133889,2.0432040525598985,2.0539846028183453
1.3907272013414258,1.6038282972250557,1.8066700944307472,1.9121312650782967,2.1442434673163353,2.2041114680991454,2.2255267701694099,2.2783866751711086,2.3085093580515097,2.3341038255580284,2.3685724749331207,2.3735668355766619,2.4324628126882901,2.4364882233804899,2.4449969438058687
1.3340969273565266,1.6998809375696493,1.9160423424750328,1.9300941221627161,1.9471683314133357,1.9809571116166789,1.9974393156071162,1.9974616324105967,2.0163089426299323,2.0913380096988772,2.1418573893390231,2.1573544295522602,2.1942504799777192,2.2124794742098657,2.2290704662077796
1.3235825728749757,1.6701256681285586,1.7343779204380825,1.7944605191127765,1.8979148077429944,2.0574083993600052,2.1632530567929984,2.2185123870453762,2.3215044406362382,2.3437733768388385,2.3751626427212047,2.384900640193623,2.4000458824026043,2.463636107185903,2.4903268973128418
1.4438924777084916,1.7114781337967475,1.8464568658465272,1.9928892163148602,1.9999771272316438,2.1161955114843196,2.1654820768343659,2.1995453367178524,2.2072239223990495,2.2089394654703942,2.2458202217264538,2.2923192159711787,2.3003854488087745,2.3481253052647051,2.3818522706868954
1.2204610900768653,1.3347842966830028,1.6082335923727908,1.8140434957215783,1.8295947389836225,1.9644083511936836,2.0130324405074669,2.0149542725432257,2.0199032454572792,2.0470775075096057,2.0532406680599222,2.0790893047014656,2.0805276253144522,2.0913235515850137,2.1007749257029169
1.6068697527218996,1.6619138362183425,1.7141592583426888,1.7808196409379695,1.7951932366531318,1.9332214786904165,2.1744840273558452,2.1883042424546515,2.1999431299061798,2.2077251406452318,2.2158704398632247,2.2309914711154404,2.2481902880738094,2.2496856831938445,2.2685624495863088
0.9405631050186869,1.302145577449952,1.5836006892340568,1.584708229035694,1.6195112290414531,1.6860911740451923,1.7267005599223411,1.7308578099260941,1.7501754588221439,1.752703568522251,1.8472520033946487,1.8987554552563066,1.9071305464564405,1.9535699001198956,2.0431335179168917
1.5965133760112382,1.7292986770113112,2.2239529759779493,2.4125822859877353,2.45481536349567,2.4822421498074396,2.5491577140786497,2.6507900737126673,2.7146754280541256,2.78142698615734,2.8844575118504827,2.911373679208475,2.9645498782611823,2.977445974233663,3.0047985893118474
1.2867475291184192,1.5084167426056578,1.521062207617681,1.5310040693237634,1.5459720080184971,1.6947551723633181,1.7120518475426196,1.7523471875394319,1.7744291679998383,1.779917981543965,1.8276808919696181,1.8372453912945548,1.8403990751757209,1.9095712261247362,1.9812363067338898
2.1356790397228189,2.2942584561928139,2.4290749331511421,2.4926240922880001,2.5415796815843237,2.5919363607648367,2.6443752791959096,2.689948339608816,2.7370189912451952,2.744767561882056,2.7589395714979212,2.7812502455487871,2.7813312753826396,2.7917742734444486,2.8116221314044476
1.2160117998601307,1.3385257869740383,1.5698830147539546,1.586486362083243,1.6326612657607078,1.6544697819665519,1.7410419738769041,1.7444637162270022,1.7470482033488393,1.7550565383445267,1.7858798453401443,1.8623993751893864,1.864992117071121,1.9698398561346036,1.9759355423467935
2.235106601427804,2.7665584941154782,2.8082781180739205,2.9965565906110538,3.0740803652024598,3.1418389230350909,3.1523683006885266,3.2218061871324553,3.369950910705108,3.3825545549583738,3.4017223234102687,3.4030045345359379,3.438893214340538,3.4690433266749223,3.4714845373600909
1.7698157215046355,1.9349925369961627,2.2522163084786779,2.313784281504788,2.3159729821988497,2.403339675007774,2.4549789820148202,2.4660620574643421,2.5105450388740995,2.5519111900531097,2.5926314029860258,2.5945595176667702,2.6206741474918482,2.6231961023981487,2.6500129935096246
1.4551566679876042,1.6694089825050227,1.7197501910478283,1.7817303087229637,1.8123197313303585,1.83163624204037,1.8836636162502765,1.974465872704311,2.005747524008052,2.0404555353908918,2.0642151344024167,2.1042679523431791,2.1200621936101292,2.1443796153303136,2.1576910715905231
1.8048455892371957,1.8142794654690386,1.9451113000904274,2.0738516155507569,2.183709444091789,2.3996831729850361,2.4862360304421256,2.5240182261925894,2.5350945137012788,2.5452028583885791,2.5552405614392608,2.5808206240220888,2.5869743545441324,2.6201244381830784,2.6685951651372966
1.5128462712336241,1.9010504767275866,1.9834812837588807,2.0155532262185845,2.1347914457076183,2.1393938760302724,2.1470217459368026,2.1915283797295535,2.2667465736881662,2.2764042319465729,2.2777124179106756,2.3139441227878352,2.3152073907994168,2.3197704531332501,2.3629443036149573
1.9065791679881672,2.0225093927021316,2.0697757615928323,2.4897334159017239,2.6998652144242614,2.7844325638814098,2.8052702100323232,2.902932673877451,2.9382869746331441,2.9402526837877105,3.0561479788379757,3.0730007055808084,3.079923327344833,3.1095820193960475,3.1426178165018279
1.2798594743496585,1.3378774855634981,1.3805146314208738,1.7264764421373204,1.7394914676130049,1.8199141835620838,1.856585119996931,1.8672546840161055,1.8729019457031117,1.9125741078198826,1.9160109094412019,1.9575857646298873,1.970929428748913,2.0139665991355407,2.0797310979936596
1.5315359242821667,1.7611718984319569,1.8276355262342978,1.9897982743631955,2.0414638881593015,2.0484425906352395,2.123434360308452,2.1303048104868907,2.1339207879833144,2.1394180274182273,2.2141285434411184,2.2249590602277509,2.2328289014013354,2.2441455838620654,2.2648475468857105
1.1454012938956259,1.3443898313421083,1.8704548440161497,2.0163882565508597,2.0535511408911278,2.1171629898188367,2.2349530452857067,2.2375179860979735,2.2533712242425614,2.3260350771462566,2.3526574737272887,2.3741953430733016,2.3880550763886568,2.3939260211794005,2.4123052802801159
1.6469113792101804,2.2552434325648685,2.3075315867295041,2.3216781575476872,2.3311812600888029,2.3447881505031543,2.3807118202101134,2.3906949728257381,2.3939063568372472,2.4681032514291292,2.4858862769611596,2.518423103959293,2.5277712942356008,2.5904598153066125,2.5911041561379324
1.8598856523509453,1.8718885608342819,1.9597506282093247,2.0040633789213054,2.105894860023064,2.142790610582773,2.2443984877563743,2.2571481096432073,2.2869622788545692,2.2929324038544756,2.293696906727289,2.3480600993905272,2.3699217079941386,2.3814614384681545,2.3816175001967932
1.4920840661835384,1.7151091575749597,1.7561596814999403,1.9563171247401265,2.0274983232721961,2.0635029821305029,2.1003513733334365,2.1183240492689586,2.1799554051876378,2.1959444311727125,2.1963070372915436,2.1994822964606549,2.2034672672926123,2.229876392522304,2.2594108446394734
1.0949964091074718,1.2630030999637218,1.2646127066554578,1.2780571343989695,1.3413229447934161,1.4569934241031739,1.4829599849997879,1.5995540757977713,1.6744572062850105,1.6809492546358273,1.6948163967021497,1.753552528733834,1.7872374911877602,1.7992962480850991,1.8070682952062502
1.6916566262187307,1.9913569908240627,1.9971647844061373,2.0456487290029131,2.0825920826781408,2.101052828511667,2.1320252085116462,2.3538628511641133,2.3912656858767591,2.4098100114087777,2.4098225802167343,2.4397700177618269,2.4873503950785838,2.488279127480669,2.4974974666764505
1.2129298962748805,1.4278216987247376,1.6993066017022762,1.801635890408418,1.8364467024054014,1.8563088760233053,1.8828693969532921,1.8933470138222952,1.9736338899669563,1.9921888207011611,2.0014462240009872,2.0120176703353221,2.0181061588171438,2.0196578424895995,2.0214189827154456
1.5425783443774062,1.6424870698757925,1.6593163429055697,1.7173317559894894,1.7460752207618515,1.9176301910478326,2.1534923108119139,2.1765614989760294,2.2070129443551458,2.2628617530042843,2.3856444072028324,2.400362859746739,2.436410860639465,2.4594766809369135,2.4779362744160789
1.5177851371533899,1.7584764794832211,1.8872786638725307,1.9564159929782496,1.9946135682217778,2.0018947259713111,2.043867450730366,2.1866970609012721,2.2505322206942671,2.2685099532603537,2.2706313268628158,2.3230506946926375,2.3464374127786849,2.4127062394487115,2.4259201700606408
1.103198476765445,1.2885995462463502,1.4985421853683989,1.5469219130633669,1.6593582271463525,1.7019329742014571,1.724528296801572,1.7367038505509587,1.7673887654345639,1.7806854984751515,1.7932828509186591,1.7986328790272998,1.8099622149260022,1.8216366166827727,1.8410314089880528
1.2279368925079563,1.4478966851636055,1.4763867343287043,1.702195316633915,1.7251402139914733,1.7324573039180766,1.7500426293112152,1.7997651956119569,1.8786314808013573,1.8933548322489422,1.9601048678933206,2.0177016146042752,2.0291184919827137,2.0415548457705031,2.0708996414810916
2.0216769525445524,2.2119162212224319,2.2793667375929303,2.5192809006091732,2.5426486349671276,2.6445279407330906,2.6475481299942172,2.6580943149328466,2.7431142997183793,2.7615965837137586,2.8595404540712601,2.8605431401515382,2.9095581827492776,2.9283749657408156,2.9533067909092079
1.1518755254982509,1.4951683215506864,1.8069323910414357,1.8576001791981438,1.9457037714930236,1.9724853125287924,1.9936266079771616,2.057376836459464,2.1169023951996127,2.1725917043803387,2.2121292009850713,2.2402506616442608,2.2469833311941567,2.2542937595086743,2.3501293572544544
1.1520589840967292,1.1901103256185572,1.2719783282795196,1.2811892450508791,1.4202987306727322,1.4963523786182802,1.5032288841768702,1.5422104718805916,1.5916987088755634,1.6177076864371309,1.6242479397062752,1.6402828891783656,1.6584861970965388,1.685495998684214,1.7039417295867669
1.7588818874657646,1.8604732024025297,2.2981989427808283,2.4222558030631642,2.5452813463730193,2.5757795606575642,2.5832081721124811,2.6161469834764288,2.7753425030482335,2.811106749649444,2.8410813291697261,2.868686299296332,2.8880784534374824,2.9296012332997288,2.968671370580124
1.577933098096155,1.6586709741137355,1.7092443061113396,1.7417720870770248,1.7423023806506348,1.9202182498751075,1.9875340968257234,2.0149331710884097,2.0244042035749978,2.0381474032395226,2.0446893728741089,2.0841820009832577,2.1281139010015382,2.1398914658535846,2.1543477140423706
1.5243773376417042,1.7647904401209797,1.790966893450628,1.8941376874319928,2.0199174517526415,2.0944924385099344,2.1420164525860259,2.1717246363372777,2.1722355358547549,2.1788562544373087,2.1938078420293703,2.2351716936932413,2.2477373443052966,2.2613626147470098,2.2617615888877638
2.2682842809702457,2.2967459418515053,2.3876388746939683,2.4507781843225094,2.5138145495615101,2.5247583711756989,2.578549330274714,2.6678180704702061,2.6703816412064389,2.7446381619539504,2.768503579841826,2.77740731477112,2.7817481313828285,2.7921408478384624,2.802241517041379
1.8507737690451798,1.9142338680695001,2.1224579190916582,2.282568001844798,2.3157640834633266,2.3518055886432139,2.4217440192678716,2.4452237376871517,2.486803695408736,2.4981968745691487,2.5894847590829273,2.5996540142415547,2.7424670383358309,2.7639454330339004,2.7995122489318769
0.99566613702408424,1.5439051095410701,1.5930446631994235,1.7112701822311802,1.8051098593679045,1.8799043759806848,1.8970249222769591,1.955476108967096,1.9599247834736013,1.987904900921041,2.0777585748397001,2.1192504192376851,2.1896771017333019,2.1974051220831829,2.3127511866616883
1.6675312816055605,1.6718960086190038,1.702019316867845,1.7481919357266624,1.781024057925551,1.7868333080713132,1.804436875037791,1.8166191583768305,1.8682174258404163,1.9619794595494766,1.9638661862806526,1.9816355266480135,2.0189527101327434,2.0354507778835136,2.0416759411429806
1.304002229299235,1.6844075389004027,1.816350024560446,1.8253494470442928,1.8346103522735613,1.8522593208707141,1.8878802650913793,2.148770491405029,2.1531920188804925,2.1546244801310035,2.1898088024923945,2.1992341093855812,2.2013457279739623,2.2904916927089904,2.2929867034277258
1.6071023268961595,1.828424266937422,1.9755392595086401,2.0348753233488903,2.0779008279015105,2.0988788539998393,2.1168546925941523,2.1754337702172921,2.1765503704812943,2.2093598018540219,2.2158574392099308,2.2458359057108881,2.2630587650284077,2.2744978015947108,2.3270528616119268
1.4290860029043024,1.6757761940504214,1.8165475936976205,1.9636755412818829,2.0388014887839039,2.0523059344937229,2.0853883933086248,2.1088413520097422,2.1745259820870322,2.2008106770511642,2.2243477599441421,2.2429763050518616,2.3038444974264829,2.3185129828878468,2.3216537853347345
1.9639900092247216,2.0852460605731276,2.0966353340732033,2.1241485288791333,2.1329214152040028,2.1493828189777791,2.1506885639187785,2.2188172753638153,2.2675327029455481,2.2902898869295782,2.3159112611181927,2.3714012344277893,2.4374234397399337,2.4476590518581092,2.5443435687056772
1.5825127818922964,1.6109613760835579,1.6524888918184586,1.6776337181021721,1.7110067151568171,1.7352415632314844,1.7976587573403604,1.8074347262075368,1.8342460259870281,1.8764438463289872,1.9342726971906927,1.975429565744419,1.9808198293413846,2.0117466287320398,2.0531347502877666
1.7150616550769195,1.9872154514173295,2.170601822714858,2.1776009305996653,2.2539966641924165,2.3118955156877505,2.3199317449658325,2.3215033870285526,2.3327928734246801,2.3825444096316661,2.3862212105934844,2.3866253503639805,2.3967757326240005,2.4059332194438965,2.4344178889662871
1.2576806548863839,1.3345711954583765,1.3765213330921968,1.7058363103316954,1.7259961346455994,1.7302989122306627,1.7640508906990993,1.8144193840589253,1.8978392903365844,1.9778369773482107,1.9898191747164407,1.9903488513239411,2.0002587616710472,2.0367903678564927,2.0650386654471724
1.5837357606149551,1.596428811980908,1.624368015120798,1.7191335279430786,1.7710379957758702,1.8242926282535485,1.8807493088186296,1.8810688517767991,1.9623967188892995,1.9884665738758343,2.0085736918144312,2.0132041512825847,2.0699145271821782,2.0745018790217999,2.0826581893592913
1.5587157515479491,1.5926604248923524,1.6040542411046752,1.8523448783560976,1.8907921736919937,1.9585461895594538,1.9829237811258402,1.9868912436558053,2.0043680182979493,2.1391015149545813,2.1712731527935505,2.1725926395590909,2.1786758432111886,2.2376439611008219,2.2678950870078829
1.7599478305961087,1.9306397725158244,1.9601744948300994,1.9688313021049446,2.2157264910844332,2.254203446640187,2.2883241321891998,2.3466768354255083,2.3868956023491101,2.4429581419846182,2.44353808137208,2.4643240710474732,2.4892014972237702,2.4902322565022232,2.5488576735564941
1.3602483682512667,1.6283957268895053,1.7280017797286495,1.8129984992120227,1.8560536618955235,1.8898849146453014,1.8977768392158052,1.9666944052363058,2.0843654742363484,2.1079258730079848,2.127996068924217,2.1611118146477208,2.1678520310653973,2.1747115187945276,2.2456418674519534
1.8260231110895189,1.90085061342652,2.2948587750201122,2.4523860931302308,2.4681548747820763,2.4874224260623716,2.5134365214842713,2.5204887476455009,2.5259466202785479,2.5703348591452753,2.5718419976342903,2.6189760058938409,2.7203107987786344,2.7258754134239362,2.7945981427160014
1.7706458670340419,1.8686390011670539,1.8940197442336604,2.0956699109409405,2.1356868202123893,2.1825662621587991,2.1925737061048709,2.2075083879054325,2.2528985080019042,2.3097926525706298,2.3300777682429259,2.3403357145468271,2.448623818412818,2.4505133757874318,2.4600117271479234
1.2917564293841288,1.4665269673649795,1.6224580373974948,1.6596774081306105,1.7082591518016181,1.7114925652340842,1.727135582739781,1.7352226403688207,1.7584347690345739,1.7645115665726598,1.7692464385655913,1.7987062120315189,1.8405526280032907,1.8901411652811064,1.9226523072412436
2.0961082866039842,2.2541002165791038,2.3434053736091447,2.413273273881793,2.4475053323693503,2.4917436479744515,2.5578945754826918,2.5592032092648984,2.5661163576782995,2.5793976861510801,2.6132548159785762,2.6321434168579962,2.6344023494296289,2.6804848767026184,2.6862124477375429
1.0988899250424216,1.6941930633650324,1.7115907719698871,1.7373268089658851,1.7995596941810008,1.8068224219372264,1.8644170737674919,1.9903596271750179,2.0212922711186461,2.0453432489596732,2.1705577507279665,2.2096328659941769,2.2179193922124738,2.2183056591772154,2.2348957763712907
1.7629490841582622,1.7704061740755177,1.9045005989336043,2.1236870771420344,2.1834550035859235,2.2042940760669603,2.2232637821617027,2.3253520298074739,2.342621734295486,2.3841606625913574,2.3880858401782237,2.427834282313833,2.4402560442525836,2.450109782020458,2.4650126460856292
1.2477095016668582,1.5423239378324454,1.7100937830870075,1.7566560067785042,1.8372438632910546,1.8428326234541126,1.8870987000601185,1.9114333571202775,1.9175673600143937,1.9508041501913036,1.98164653666249,2.0186012910690141,2.0324771921182792,2.0383930807770461,2.0691283084372905
1.5932620598612568,1.8048494075079213,2.051017966347688,2.1299810043334881,2.1552653653065055,2.1983649849777587,2.2268197646157168,2.2884436368570524,2.2950443746606619,2.3034059968742824,2.3211291744772913,2.3862079835176178,2.3918131908355447,2.4291001162298826,2.4366694191169893
2.2765497609000049,2.2933727574893319,2.2948325551673272,2.3743094233701809,2.3790046606932549,2.4160247988223209,2.6490096217172372,2.698343105580427,2.7284622062289996,2.7851844726375568,2.7913281041523996,2.8238857543850466,2.8247008952336534,2.8263376207440762,2.8524508047921628
1.6227535692859973,1.6579338792521672,1.7084643657498262,1.7379234644399613,1.7500383492616358,1.8328964779346815,1.8761486913662233,1.894480421411914,1.9001347724874975,1.9325742755727913,1.959008723995965,1.9697641535541999,1.9754668816698002,1.9950736442743533,1.9986377069803538
2.2916371675496832,2.3029559968541662,2.8131140300068407,2.9517198408811409,2.9578485572878797,2.9958325428139387,3.0071567681628735,3.0144993498427808,3.0527628845777808,3.0818165799233195,3.1257667469431358,3.1852942331016063,3.2099439508908212,3.3045536970129001,3.3209463439914537
1.4086336224351197,1.4128101258895209,1.4158627833740447,1.455080208310424,1.4592925853761818,1.4788118403691872,1.6019342804754644,1.6176688924133698,1.7992520475249638,1.7992829076726393,1.8107201091332752,1.8110986252639365,1.8192329499457782,1.8633982826865862,1.8852991007261577
1.3553748705945445,1.3679322291202136,1.3766381687834095,1.502897658032349,1.5255527938700069,1.6097733300855674,1.6434058167439196,1.6862728124237605,1.696812485483576,1.6974634216696103,1.7035965201801013,1.787536789398108,1.825442117086554,1.8505945426858093,1.8587562021482338
0.91514070469988251,1.1984855932191318,1.6026623862747289,1.720969843076563,1.7237052557766805,1.7291743519834408,1.732813758469006,1.7596004935755796,1.8010756002393362,1.8563893432380949,1.8597749786400701,1.8879414072788294,1.8919218604479697,1.925391358412174,1.9259502258119123
1.3064568544623394,1.5867733418373375,1.6048944101551175,1.617199768407388,1.637397620277677,1.6505971125083347,1.7881713458184874,1.8046448232439596,1.8362810258475057,1.8532877714816116,1.8658307086272936,1.8740315934360312,1.8796284353862756,1.9166055634157364,1.9251963019515659
1.5259704550241959,1.5564912366310515,1.6075648640401967,1.6709946270243055,1.7723288418578595,1.8238129523591133,1.9063086381772814,1.962324477058051,1.9681548748985351,1.9971076635729812,2.0130725328052099,2.0372356866876538,2.0377145796017144,2.0481357168212688,2.0853593750312238
1.1695971929244886,1.5932524828932348,1.7090606953492282,1.7234826214592802,1.8674855566659792,1.9457565554755574,1.9728215000100753,2.0038309011801627,2.0246384866800535,2.047828124612217,2.0487951853126805,2.0610373395042094,2.0672318193411159,2.0739002854887474,2.0798544246835249
2.5640702877379513,2.8513568111919763,3.0412119398051867,3.0562375516573139,3.0569123113066747,3.188960341045997,3.2504048210276912,3.2954734740826872,3.3068515833918033,3.3276956157570221,3.3692747678808601,3.4237915836440767,3.4465712861026052,3.4664806825108445,3.486596210557912
2.1178881059228458,2.1809739885520272,2.2066495773284567,2.2070336853100709,2.2518850286587337,2.2793266691771876,2.3225255003340752,2.3284933044446401,2.3922179317258783,2.423170530737079,2.4516674383108352,2.4704359016046844,2.4882298270336642,2.4888833392109473,2.4982533600167955
1.8127023707899617,2.0134776833742931,2.3300823192303231,2.3913596837710651,2.4102194237783729,2.4321434289688062,2.4539511451783982,2.4848852341266148,2.5476445767719382,2.5647185742853393,2.5727595636989684,2.5897914668466759,2.6123595970972771,2.6441536350274291,2.6761971598560503
1.8504647367182701,1.9975263649339836,2.0660246621609777,2.0789902687653585,2.2524886850848373,2.3506466113225328,2.4014859301191307,2.4251469362368381,2.5477933769118133,2.6074624010612659,2.7262895118457426,2.7323425250915765,2.7756759896675338,2.7962592542603111,2.8123371271931688
2.3434062900432018,2.4724844767136593,2.7815457508462398,2.8154509035480846,2.8416507138714064,2.965944316883645,3.0084796014650035,3.0270834545697474,3.0409559127763797,3.0831552180708504,3.1273970079189342,3.1611339969648782,3.17953150617564,3.1799034759304985,3.1827893861038086
1.114246805058174,1.3376165976804837,1.5036672857716833,1.5036966100790641,1.5175252547109424,1.5579663335669325,1.572288961374485,1.6387168895550912,1.677224073807694,1.7217676991400994,1.7389802180477203,1.7499959491512547,1.7553018636358724,1.7751867778077166,1.7904417345705639
2.1742792567174325,2.4759471907119557,2.6521733542424828,2.7028058157019439,2.7101959382933307,2.7119229598197379,2.7417890816854675,2.7482352717701439,2.8504675539485187,2.8697307241827992,2.9437170000177626,2.9551801941970353,3.0044160782893603,3.0407179849859727,3.0513799663442351
1.715439441465221,1.8072753794862289,1.8423787643289316,1.8904401747205815,2.0073258829731873,2.0232966975703137,2.0791952227216726,2.1055301050845716,2.2169410658854889,2.2316663536283303,2.2593586416972498,2.2932567851911521,2.3145229323086651,2.3152913630735257,2.3493651367697876
1.2593960705180443,1.3159559459074193,1.3516653654801682,1.5087980241210359,1.5488231130315149,1.5966555914978331,1.7179038578586956,1.7684788580834994,1.7838616193778887,1.8048720519237293,1.8813066555653786,1.8998262742200909,1.9542328100466848,1.9714224352334839,1.9859429303687874
1.6686924359979565,1.7633644462550793,1.7867321897682902,1.806784001028694,1.8904374301802844,1.9271118151054225,1.9877733315213655,2.0683646650497036,2.1092840733200555,2.1129298108122154,2.1313923729907351,2.154077905547771,2.1730305772051275,2.1784414214028986,2.2529174560261036
0.74186141620828827,1.3697595547999035,1.3980402612045093,1.4178611869081261,1.442477045913567,1.4736488727706722,1.4781584952713118,1.4925449948586778,1.5834482522847892,1.7667145213954738,1.7741775467729948,1.7914284013225887,1.8345070714383376,1.9088768527496041,1.9236159803083259
1.0552911946763226,1.3641297873032525,1.3778672087921264,1.3820607685462158,1.5953506862984248,1.6003250791534345,1.6129836745544679,1.6132997075599411,1.6650791395313278,1.6745734555631984,1.6795911650209616,1.6894040689120335,1.708735742075592,1.7123281582989505,1.7221077090404078
1.0938830203505685,1.7921567523841631,1.832353241045046,1.8490264130620497,1.9394773471137905,1.9475104876807863,1.9575621345023455,1.9909836464852619,1.9986334240396508,2.0371671003306315,2.069304354362997,2.0716029991459064,2.0826877949013443,2.0939277946391468,2.1074764020342251
2.4083099639872922,2.4429748557290201,2.6462998316735478,2.714175941817067,2.733558127412794,2.7710735405909266,2.7930949688541662,2.8524187292181247,2.857124581741866,2.8942863969915376,2.991361875154587,3.0268636680440539,3.0908553032432278,3.0980407620129506,3.1263698343890374
1.655601196013929,1.6998958850667858,1.7278954803208266,1.7693144570482153,1.7902645801662573,1.7918930837750999,1.8019294469142746,1.8216950782175416,1.846065457083059,1.8765316609899605,1.8833562428305306,1.9217467009412563,1.9244760844319093,1.9411742457106518,1.9441657336683242
1.9262565127408056,2.1713342063603593,2.5944659875789675,2.6119835018852426,2.6329532173216297,2.6477715397081432,2.6515299629217259,2.6876855195630287,2.6959834003328558,2.7033752716616606,2.7830175844058975,2.8048142392436208,2.9047645914288465,2.9073584136103348,2.9255127585204583
1.28976863613307,1.4973527495422814,1.4988994253468422,1.5589543726030279,1.7263428688470868,1.7490317225565875,1.7883785127931855,1.804361633176591,1.8594816287500149,1.8606097479554307,1.8810030195742049,1.9723477112791696,1.9993817267118568,2.0316822941440962,2.0585616678997392
1.5177062649218223,1.604076676832658,1.9457772602731316,1.9936145967425398,2.0273948378106663,2.0865178329286325,2.1090032741572089,2.1145826314236387,2.1309958023214892,2.1583351739489181,2.1839189593651951,2.1862915377647849,2.1909646472927737,2.1942607318583507,2.2406257228661359
1.9297038990079258,1.9606959634784582,1.9728281311278442,2.1452017129556293,2.2179032870489235,2.2490437834234229,2.273550927798254,2.2862798486823759,2.3563438239333632,2.3713945887843564,2.4191134804298686,2.434040513085026,2.5099121368918684,2.5450216363992335,2.5621455428727717
1.3736918055873679,1.4798669910613369,1.5623820556628278,1.6131748460332982,1.7412219095901615,1.8380909490534791,1.8593003914012292,1.8716433802631842,1.8905742482594941,1.9075452284563958,1.939161982871167,1.956966963988221,1.9655420709408065,1.9835767771118222,2.0013228296428029
2.1286617322216288,2.1520033234120564,2.2124899029731102,2.2236040507797799,2.3299837459069677,2.3952587641645864,2.41329312262764,2.4293839547428817,2.4352651108894183,2.5118402947396814,2.5169807293551045,2.5212857192166624,2.5223259634260105,2.581595041173983,2.6514478855279915
1.201931861035251,1.2270000872892264,1.6467184018940009,1.6679004908064776,1.6763995502965632,1.6809606490500983,1.723570204254548,1.7956410466214123,1.8066509607969767,1.829301416883125,1.8586374806901944,1.8610187605053399,1.8991095508991886,1.9339282586261235,1.9524233562590563
1.0571556969404259,1.1409202341179889,1.3948738833522059,1.5072917009274285,1.5220505978431154,1.5748992352523985,1.5833005743527795,1.5981672052800493,1.6341878263374543,1.6620654242415243,1.7011232793733411,1.7071957531559718,1.7092901706291999,1.7572288752507415,1.7690875981793168
1.8632406949700426,2.0856444541313741,2.1066682025182071,2.1181015752765195,2.1439330545467241,2.1756227648656616,2.2576392455011729,2.3241738511651047,2.3311633308312447,2.4053761231043622,2.4116246042284257,2.4308590704725037,2.4401962764406204,2.5003762255427509,2.5030542005461882
2.012987189290405,2.0608786477135483,2.1535832952887128,2.164915146834304,2.1954381611536937,2.2353492063057852,2.2828653453743795,2.3492652047001603,2.3793407867767051,2.3944056248681136,2.4056424583706026,2.4119045873082317,2.4430960722623505,2.4469377745756908,2.5237626255386023
1.2049243241230176,1.6212864687687993,1.7200500359096469,1.9372408713211651,1.9406484833416753,1.9844258180391867,2.0282522521920434,2.0614962177032385,2.1231152658678059,2.1286903956378422,2.1433615355751923,2.1754104366072888,2.2211078415072687,2.2843551444838059,2.2880528111388756
1.2280933165159851,1.4004551396579894,1.4208412814874511,1.4526870872686486,1.5333801811252585,1.5339686485148365,1.7816710210300042,1.788268479571087,1.8222906739409088,1.8968007232200392,1.9323230236809901,1.973823860483519,2.0102282107063334,2.018380026227593,2.027908772906196
1.3929088627306188,1.4283446533793307,1.6386427128831449,1.6496796621401248,1.6757013835096017,1.6918760025272257,1.7777040085834177,1.8222479405652074,1.8296378401069655,1.842361312119269,1.869836958299204,1.8934189578283029,1.9017196110742167,1.9549551784750772,1.9670948198537253
1.3166618901580289,1.824195352635932,1.8367387059733056,1.8854792995038412,1.9169262361450987,1.9855560867969981,2.0311025342436961,2.036491804303131,2.0514450086112794,2.1230006708936537,2.1529043923461861,2.1601322463187245,2.1776443501295843,2.1805600275470791,2.2169381887790207
2.3717169063940049,2.418064305843993,2.5197547264750981,2.5426033905202541,2.7432837529926837,2.8634135070438758,2.8952708262462448,2.947107436856041,2.9815204274730283,2.9925912463771436,3.0622002984265038,3.0796653511794663,3.0995242565694059,3.1176577041557034,3.1305810593498817
2.0504390916016648,2.5051706203094017,2.5242139228880531,2.6644167904577594,2.6648586828774183,2.6836853610934694,2.6899859272161768,2.8261882205329156,2.8313432838507282,2.9317810820274808,2.9614378769638385,2.9721734005885443,2.977966256736289,3.0025928493544272,3.0063380346637238
0.90821049355293171,1.1735488666311766,1.2062627029540653,1.2356031658765358,1.2813944198626208,1.3854675765181639,1.4526564342108494,1.5912846125079203,1.6047773283788302,1.6650199021200989,1.6816479344092661,1.686594018389602,1.7006956172588488,1.7166310583907218,1.740736011892011
2.0473504894974406,2.3158905231193398,2.6003677456434344,2.6438790596735653,2.839053531882711,2.897461540718802,2.9725344336139123,3.0725763618618855,3.0948422168614274,3.1160955585353678,3.1196222041490307,3.1235923552810188,3.1886792266374142,3.1993279528506613,3.2057924511101756
1.7018915591390342,1.7337486735147658,1.7845435213604033,1.7889119609992137,1.8159515896615632,1.9396196205359841,2.0083037719574439,2.0842439675368905,2.0893634123447296,2.1055157344010502,2.134554539709248,2.1404182915500565,2.1989690784393163,2.1997750253499464,2.2020152512770523
2.1049139264504912,2.1540877406342163,2.2164064317588053,2.2274046408422747,2.2642813867901932,2.2855696988259226,2.2879011812033556,2.3239893454251415,2.3673339147280608,2.3922878928977322,2.4130022145299992,2.4583598780345484,2.481918386762223,2.4918064638438056,2.5507003796152601
1.4469874672888781,1.534220478223653,1.5889837689147286,1.6179667280927459,1.7278831438447972,1.8224831712155976,1.868430314452171,1.9202903488498464,1.9368929683608853,2.0003761991613285,2.0298588141357716,2.030415810554671,2.0586870381375828,2.0979529740439276,2.1342226612532404
1.3054496299714455,1.576409665090668,1.5989186928651855,1.6380118969264965,1.6381410357147335,1.6928274201407825,1.8059603722407702,1.8678520949979005,1.9696457679448234,1.9867535218639738,1.9907720490440157,2.0886218262146934,2.1113974395498443,2.1154550445552118,2.1206153190739911
1.5017043069645064,1.5705469659007045,1.6248212251246883,1.6627777594868816,1.706759751462726,1.8132225477930686,1.8680593171374837,1.9331045570235861,2.0157595847274479,2.0274524056740795,2.0433171761178635,2.0645895810609503,2.0678505878065576,2.0861955479692917,2.11567870655447
2.1782583823598167,2.5234262787772992,2.5452589719973515,2.6055343539321747,2.6241580512732043,2.6526181201407573,2.6760977519954108,2.7199878989223283,2.7713666360584255,2.7950711824735706,2.8181428514656428,2.8260274075509568,2.8904133028290402,2.9002919002455396,2.9021859801961183
2.1033415197624628,2.1817653414818809,2.1818730455836346,2.1971925788855944,2.3611435718497642,2.3710010932450292,2.3914876986244606,2.3929227181138315,2.3976727213500446,2.4072953291631656,2.431108592947548,2.4481575273369311,2.4942311105443955,2.5083916476739576,2.5140191847407278
1.3656833880034729,1.5224389982684321,1.5401212689755033,1.6783615186808807,1.697785297837253,1.7476988981643926,1.7959140124994974,1.8005915921536262,1.8021212880387736,1.821223693594898,1.8392420249948698,1.8859183495993437,1.9378502441245493,1.9510834552703509,1.9716123733517568
1.1884166867417298,1.3141693817113342,1.6048143610936125,1.6591987273361772,1.7067984191214927,1.7508268904827275,1.7956428751228797,1.8370474506239824,1.8503309829139418,1.8937010591295984,1.905625079268126,1.9637646386234342,1.9697254016651493,1.9908616825675221,2.0494806953138012
1.8280241130522024,1.9146999231937551,1.974332917312758,2.2368536553302745,2.2526740418345321,2.2572802593355501,2.3107047665638438,2.343092285464035,2.3912144206476289,2.4061817324362629,2.4195764551364918,2.4511992655924075,2.4530380287359943,2.453175600081841,2.4789804717676605
1.1356516480569041,1.1493667050682501,1.150271890485618,1.1522435198898802,1.1649476277445956,1.2339422415773731,1.5627137974012699,1.6322870583245237,1.7099173322354637,1.7917075486624492,1.792874091414123,1.8698243800296488,1.9238678446881445,1.975811980024019,1.9789154202177401
0.93751707724710287,1.273171958024278,1.424153688263128,1.5985870157975952,1.6710897800292721,1.8018727322422359,1.8091442283306809,1.907019194641757,1.914827925247705,1.9444284339184583,1.9654671838868485,1.984244599027386,2.011624078828171,2.0294299781794281,2.0392984689183606
1.1915090888694195,1.6516777891616454,1.6602609624675815,1.6757728628559891,1.7801904313957801,1.8542721386662904,1.9612295773258857,2.0188285184821386,2.0401193147877308,2.05712677006077,2.0763122099120532,2.1342407684304274,2.191981514060517,2.1935444700468234,2.1964494376337016
1.4458739913002514,1.474171780769747,1.5136002612130732,1.5708763918342237,1.6005856019475158,1.6151754265629756,1.63288998264784,1.6600719192082753,1.7568744848227007,1.7618761235506812,1.7999894573126538,1.8064176107622636,1.83805657723157,1.8555199259417039,1.877707700262599
2.0487178259760404,2.4239364906261405,2.4581921025274114,2.4616853059451214,2.5232463479379064,2.6278829694771262,2.6553829204302866,2.6564641048142796,2.7300830690414761,2.7536800276084765,2.9085426041293148,2.9207176316450911,2.9215955084697245,2.9312469720384051,2.9615910220682609
1.2428450126148229,1.4084942439789303,1.8348282347177833,1.996880648519193,2.0374633263875643,2.0453390780686798,2.0618148158800307,2.0731092470475749,2.1265850860812936,2.1846669406995987,2.1925842185034976,2.1943410998515684,2.2414696057660506,2.3034733126723115,2.3398813783564769
1.7885862860224973,1.8143612271104486,1.8178737014810991,1.8767077714307925,1.893579135381916,1.9614379921632785,1.993581935719859,2.0276814617885046,2.1104508847204304,2.1415437384031768,2.2189407604335152,2.2429514094304865,2.2556814094879294,2.2834313846772352,2.2982436390455612
1.2080930060851081,1.2730120181907947,1.4625152231845628,1.5624641048083612,1.5865666772445777,1.6303263319760615,1.643494716620133,1.6487847653109466,1.7364008796540193,1.7383597072256181,1.7396471171843946,1.8500130156973906,1.8854891420325373,1.9097507020121729,1.9191628009155024
1.8891606201834754,1.9040402278526729,1.9107198628880901,1.9299579474567203,2.1175294049653757,2.2903308549155041,2.3553122099448864,2.3890121120568817,2.4489565777249473,2.4974567441675024,2.5009763853848095,2.5715491208912375,2.6716760411742762,2.7090272470066559,2.7128317295110258
1.1682653579347069,1.4726125997609525,1.6802373302210292,1.9972511673405466,2.0393688284700535,2.0438900045046808,2.0507139860770698,2.0793371457726448,2.1045647547030004,2.1537487038239695,2.1763832154719949,2.196263167223675,2.2254390084560676,2.2376668992090654,2.2532751348038818
1.6415345371678576,1.7609456400905612,1.8140421207647772,1.8823348541659402,2.1077780838315507,2.1245053756687335,2.2006354093805296,2.2313136744985362,2.3721239969052577,2.3944250181663622,2.5259773248545696,2.5652598862300868,2.5654877036603141,2.5852303325063266,2.6043645203616532
1.3260660094703158,1.7289563457533821,1.9401143496706252,1.9756511909799837,2.0469356296133956,2.0905882243772203,2.1264641015825929,2.2135157679121198,2.2197024987252605,2.2493627537327665,2.2505212192264068,2.2750785069295616,2.29186004009411,2.3005625233258566,2.3072752671194943
2.2029682677568019,2.8032393102531694,2.9767859934810859,3.1300046279095763,3.1377829057896793,3.1413253382874782,3.1486009135306023,3.1853699397564119,3.1967292847385824,3.2198910495189104,3.2270127350570439,3.2388949322998557,3.2461649374017769,3.2465575455777396,3.247094733077422
1.5054454877268075,1.5876740195020027,1.6314961193872748,1.9564399645218993,1.9672678388410572,2.0432055480501288,2.0774974031437243,2.096412304009168,2.1032101088695949,2.1247979811971325,2.1499099787312703,2.1563675180795938,2.1570443871057523,2.1734268222966837,2.1821992171429234
1.6483505686055464,1.6677938416930054,1.8295215415849801,1.9937576033674531,2.0132812538590357,2.2726669828401067,2.3363916116308485,2.396207682651847,2.4030340443506382,2.477897672095569,2.521216719918276,2.5596654220391586,2.5649207834060355,2.5850659337463666,2.5854128035114714
1.1657467940445163,1.1729841868237298,1.5456125884379803,1.5855333895238306,1.7207847164598242,1.7532951952949103,1.7548702495721831,1.7796388461218233,1.9168754912198791,1.927164151954319,1.9279280667781535,1.9288580473056116,1.9555256129954346,2.0145214629211288,2.0224088173306098
1.6278335543197242,1.7156851625505096,1.7476016145754085,1.7822867656048418,1.8116037942429328,1.9494955076582725,1.9719951526192643,2.0144681616410582,2.1368236857771494,2.2166020906205168,2.2488239736875695,2.2500959320582052,2.2585870382179727,2.263778758866084,2.2944259813963477
1.0011201429945744,1.0982749194192551,1.5140801031485158,1.5457563039916631,1.5770796216732816,1.5809431119751103,1.7735813942038754,1.8937820519923256,1.9285000377952659,2.0318785277953877,2.0557103437852011,2.0611356505306873,2.0708315146144476,2.0938532292110703,2.1214758123378794
1.5351099989937169,1.5460391102502407,1.6248237386178261,1.6705202670385828,1.6860603471924769,1.7336238951240868,1.8110226668912823,1.8129880646493888,1.8295193652222637,1.8576719939239446,1.9090597385414956,1.952326228896927,1.9533111908156764,1.9627402064464579,1.9628416946100704
1.9072892246441,2.0777421717607281,2.0958046620514676,2.1729679078667075,2.2177030132458908,2.2215119380449777,2.2656243251618999,2.3074857496008394,2.3941473007783478,2.4109434255242319,2.4919198270252458,2.5547174528603014,2.5575276975314769,2.5663639143974359,2.5850710089638262
1.3878528020979137,1.464018209178209,1.4743072308519138,1.5357874187659004,1.5379136428596494,1.6403088431922968,1.6479259453227821,1.6515509402127646,1.6552050671429146,1.6980392242067872,1.7638405310443721,1.7943362393255986,1.8171555148207912,1.8295867186003163,1.8461408794299665
2.3086231568045572,2.5363599752088364,2.6906422944118935,2.698672881562624,2.7283993444165229,2.7626903612398084,2.8768921988783358,2.898909720288569,2.953294453620285,3.0571385126760413,3.0733953445480804,3.0996066180146782,3.1690398060709111,3.203338853214257,3.211426583077253
2.1121088473847229,2.1440630649173236,2.4251746171771495,2.6682824094108133,2.7755230420722934,2.8953475356387788,2.9010497848413213,2.9387052297387068,2.962922416889529,2.9832906541992537,3.0119068844648003,3.0704187351230492,3.1372160833716833,3.1396308239782842,3.2250658267323815
1.7185954923866076,1.789685019100806,2.1807101554005865,2.4013657596170264,2.506999849283718,2.5580302337967695,2.6259498467715465,2.6454671915845673,2.656120556007834,2.6964000113476545,2.7203464667442212,2.7374711375644387,2.7736588403832649,2.8038739804168902,2.8241908409490701
1.6793498882039877,1.8414252775471069,1.9339900833045083,1.9827748187673713,2.1485887908348302,2.208668000969539,2.2869403951698377,2.3199162339747774,2.3270356726745147,2.3281823866200404,2.3833405013458582,2.4595352666102475,2.498142438785667,2.5449708398459352,2.5906190112439687
1.1804687245703525,1.666608864685416,1.6792426912405312,1.7272423721340302,1.8192459492722766,1.8837109777005527,1.8902403889383075,1.9769636630729961,2.055700951327927,2.1201407483088635,2.1306861656750495,2.1331987064466045,2.183598653818013,2.1903480814332692,2.2205747216714427
0.71395447782527366,0.93019856855893235,1.1886833968609689,1.2765653159344379,1.294036104685834,1.3137179232096083,1.3510165630176845,1.3760225092693772,1.4189831421247927,1.4384692298854496,1.4563559200226663,1.5017155429036291,1.517609253485168,1.5316097361750427,1.5372147735661241
1.1590302689499201,1.2059775174995706,1.2872970598040183,1.2972775322910259,1.3078748376960379,1.3193171593059694,1.398370946765185,1.5000962947119791,1.5307906553434432,1.566724123636176,1.5878299445182098,1.5901447293749176,1.6002899741727483,1.6717314900666986,1.7100323752837967
